{"avg_rank": 83.75168539325843, "ranks": [987, 985, 992, 990, 997, 987, 660, 983, 485, 986, 629, 994, 995, 995, 990, 920, 561, 985, 999, 996, 997, 992, 736, 994, 995, 999, 290, 989, 532, 245, 995, 588, 995, 431, 712, 967, 957, 564, 558, 573, 984, 992, 993, 989, 991, 989, 990, 648, 860, 994, 998, 993, 995, 993, 705, 987, 436, 666, 800, 989, 518, 985, 567, 521, 993, 974, 994, 993, 534, 452, 765, 991, 942, 983, 986, 996, 367, 992, 346, 436, 768, 991, 996, 989, 983, 982, 366, 929, 983], "ranks_wloss": [912, 975, 996, 993, 996, 998, 703, 988, 497, 976, 763, 993, 995, 993, 994, 811, 670, 967, 997, 996, 997, 992, 882, 991, 993, 987, 262, 989, 515, 249, 996, 696, 999, 328, 667, 907, 995, 664, 541, 647, 988, 997, 998, 990, 997, 984, 993, 782, 950, 994, 998, 992, 992, 993, 701, 998, 460, 667, 807, 985, 585, 989, 554, 550, 993, 975, 995, 992, 542, 428, 761, 995, 961, 995, 993, 996, 268, 992, 291, 436, 940, 990, 997, 991, 996, 985, 329, 933, 984], "avg_rank_wloss": 84.50786516853933}