{"avg_rank": 9.025510204081632, "ranks": [4, 29, 3, 476, 2, 28, 23, 590, 554, 177, 6, 24, 11, 23, 29, 3, 10, 24, 164, 427, 33, 365, 991, 3, 0, 0, 788, 4, 7, 0, 3, 6, 0, 62, 0, 0, 0, 0, 6, 4, 66, 0, 632, 44, 0, 5, 0, 0, 5, 7, 5, 0, 0, 35, 5, 76, 6, 159, 5, 0, 36, 2, 0, 725, 0, 0, 0, 3, 231, 323, 3, 16, 35, 0, 0, 21, 0, 0, 0, 6, 0, 0, 2, 609, 596, 28, 2, 0, 0, 0, 0, 0, 0, 225, 4, 0, 49, 0], "ranks_wloss": [4, 53, 5, 474, 3, 17, 24, 851, 570, 22, 7, 20, 13, 55, 4, 4, 10, 18, 135, 381, 18, 404, 955, 6, 11, 4, 796, 13, 10, 1, 3, 6, 3, 241, 13, 8, 11, 7, 8, 5, 13, 3, 561, 73, 9, 9, 14, 3, 15, 27, 0, 12, 8, 47, 8, 52, 16, 92, 9, 13, 69, 3, 0, 884, 4, 4, 9, 3, 8, 411, 9, 32, 41, 8, 15, 35, 7, 0, 3, 9, 10, 7, 2, 706, 520, 36, 7, 8, 7, 11, 7, 9, 12, 3, 10, 2, 54, 7], "avg_rank_wloss": 9.335714285714285}