{"avg_rank": 15.885393258426966, "ranks": [17, 18, 2, 5, 3, 0, 315, 19, 527, 7, 384, 2, 3, 1, 7, 98, 485, 8, 0, 6, 6, 8, 261, 9, 6, 0, 705, 7, 464, 723, 4, 430, 0, 559, 282, 23, 60, 416, 404, 427, 0, 0, 0, 0, 0, 9, 14, 339, 138, 3, 6, 5, 4, 1, 259, 0, 555, 354, 199, 0, 516, 0, 463, 461, 3, 28, 4, 5, 465, 532, 251, 0, 41, 0, 0, 3, 641, 1, 636, 546, 220, 2, 6, 0, 16, 13, 607, 71, 20], "ranks_wloss": [59, 26, 0, 6, 4, 5, 296, 17, 387, 19, 261, 2, 3, 3, 6, 245, 379, 13, 6, 7, 6, 8, 88, 14, 11, 13, 739, 12, 462, 728, 4, 301, 11, 666, 340, 125, 2, 337, 381, 202, 12, 8, 8, 14, 5, 14, 5, 217, 15, 5, 7, 6, 12, 4, 250, 10, 352, 342, 187, 11, 481, 15, 473, 374, 5, 21, 4, 8, 452, 566, 280, 9, 33, 10, 8, 2, 730, 1, 677, 550, 65, 3, 6, 15, 2, 17, 652, 54, 24], "avg_rank_wloss": 14.848314606741573}