{"avg_rank": 8.991836734693878, "ranks": [1, 42, 6, 457, 6, 28, 27, 614, 552, 179, 6, 32, 3, 26, 24, 4, 9, 22, 127, 420, 21, 398, 992, 5, 0, 0, 760, 6, 2, 0, 9, 8, 0, 64, 0, 0, 0, 0, 4, 4, 69, 0, 609, 55, 0, 9, 0, 0, 6, 6, 5, 0, 0, 29, 2, 82, 2, 154, 3, 0, 16, 2, 0, 732, 0, 0, 0, 6, 221, 324, 2, 21, 38, 0, 0, 18, 0, 0, 0, 2, 0, 0, 2, 618, 596, 46, 3, 0, 0, 0, 0, 0, 0, 219, 3, 0, 54, 0], "ranks_wloss": [4, 73, 8, 462, 7, 20, 24, 872, 578, 21, 7, 31, 4, 54, 4, 9, 8, 19, 115, 383, 7, 412, 953, 7, 8, 9, 764, 12, 10, 5, 8, 12, 8, 206, 10, 10, 14, 7, 2, 6, 9, 5, 561, 95, 7, 13, 19, 6, 42, 49, 0, 12, 7, 42, 3, 77, 19, 98, 13, 12, 59, 3, 0, 888, 6, 4, 11, 5, 6, 425, 15, 38, 50, 11, 13, 32, 4, 8, 10, 7, 15, 11, 4, 694, 515, 52, 15, 15, 5, 11, 9, 8, 13, 3, 6, 3, 50, 8], "avg_rank_wloss": 9.483673469387755}