{"avg_rank": 16.032584269662923, "ranks": [27, 10, 4, 2, 6, 0, 323, 29, 527, 9, 375, 2, 5, 9, 3, 85, 451, 10, 0, 6, 4, 2, 256, 2, 5, 0, 710, 5, 449, 731, 5, 393, 0, 566, 299, 27, 59, 429, 429, 407, 0, 0, 0, 0, 0, 9, 13, 354, 152, 5, 5, 5, 8, 3, 278, 0, 574, 315, 201, 0, 513, 0, 481, 463, 8, 22, 4, 11, 508, 532, 257, 0, 51, 0, 0, 1, 645, 5, 651, 547, 218, 10, 4, 0, 16, 13, 642, 73, 11], "ranks_wloss": [63, 20, 0, 1, 7, 6, 298, 19, 373, 18, 240, 3, 4, 9, 2, 195, 336, 16, 8, 9, 5, 3, 75, 4, 11, 17, 751, 6, 450, 740, 7, 261, 6, 669, 375, 127, 5, 333, 410, 190, 14, 10, 7, 12, 5, 19, 8, 213, 21, 4, 5, 6, 16, 6, 286, 14, 328, 331, 166, 12, 476, 18, 488, 361, 9, 19, 4, 12, 486, 562, 295, 14, 33, 13, 4, 2, 746, 5, 709, 556, 63, 11, 5, 11, 4, 14, 675, 60, 17], "avg_rank_wloss": 14.86179775280899}