{"avg_rank": 86.80898876404495, "ranks": [538, 990, 997, 722, 986, 995, 986, 994, 995, 685, 422, 981, 903, 995, 993, 996, 999, 996, 995, 994, 466, 992, 994, 978, 986, 824, 620, 994, 995, 475, 996, 993, 993, 982, 709, 996, 990, 430, 369, 872, 498, 788, 995, 994, 992, 385, 544, 995, 994, 977, 930, 992, 511, 971, 602, 979, 995, 982, 976, 995, 977, 731, 991, 991, 859, 420, 456, 993, 563, 993, 995, 995, 996, 994, 996, 845, 995, 344, 996, 993, 895, 996, 995, 980, 998, 392, 981, 998, 991], "ranks_wloss": [503, 984, 997, 732, 966, 995, 986, 994, 997, 635, 479, 975, 893, 995, 992, 996, 999, 995, 993, 994, 382, 989, 997, 962, 990, 866, 759, 994, 999, 517, 996, 992, 991, 985, 644, 995, 986, 450, 492, 802, 439, 722, 995, 991, 996, 340, 517, 997, 994, 978, 983, 986, 469, 952, 649, 960, 993, 981, 984, 993, 922, 807, 988, 991, 901, 421, 498, 993, 586, 996, 995, 995, 994, 992, 996, 806, 995, 351, 995, 993, 984, 996, 994, 979, 998, 367, 968, 998, 990], "avg_rank_wloss": 86.84943820224719}