{"avg_rank": 15.957303370786516, "ranks": [18, 12, 4, 9, 1, 0, 296, 20, 547, 13, 364, 3, 3, 5, 4, 67, 446, 9, 0, 2, 4, 4, 271, 4, 4, 0, 692, 3, 469, 724, 4, 415, 0, 570, 304, 20, 50, 415, 399, 445, 0, 0, 0, 0, 0, 8, 13, 360, 154, 5, 5, 3, 3, 4, 281, 0, 582, 339, 202, 0, 520, 0, 480, 473, 4, 34, 4, 1, 469, 561, 238, 0, 47, 0, 0, 2, 645, 4, 629, 572, 221, 1, 5, 0, 16, 17, 585, 80, 15], "ranks_wloss": [59, 19, 0, 8, 2, 0, 268, 11, 463, 20, 245, 3, 4, 6, 3, 188, 342, 16, 6, 3, 6, 7, 100, 8, 6, 15, 728, 5, 462, 731, 5, 296, 7, 662, 367, 121, 7, 328, 402, 299, 14, 6, 8, 17, 6, 19, 6, 214, 25, 5, 5, 7, 10, 4, 267, 3, 431, 335, 164, 13, 455, 19, 492, 412, 7, 30, 6, 3, 472, 589, 257, 17, 32, 12, 10, 2, 748, 3, 677, 565, 61, 2, 3, 10, 4, 15, 632, 64, 22], "avg_rank_wloss": 15.06516853932584}