{"avg_rank": 13.040449438202248, "ranks": [484, 13, 4, 262, 15, 4, 11, 5, 1, 324, 543, 21, 84, 6, 5, 0, 2, 2, 4, 4, 569, 9, 3, 15, 8, 147, 370, 5, 3, 495, 9, 5, 3, 12, 285, 5, 16, 571, 653, 122, 503, 258, 3, 6, 1, 606, 442, 6, 6, 14, 76, 7, 497, 19, 415, 20, 6, 19, 27, 0, 14, 281, 4, 3, 123, 562, 567, 5, 412, 10, 3, 4, 1, 2, 2, 159, 7, 664, 0, 4, 91, 1, 3, 0, 2, 608, 34, 4, 6], "ranks_wloss": [504, 11, 3, 254, 50, 5, 10, 5, 1, 371, 478, 19, 87, 6, 7, 0, 3, 2, 10, 3, 638, 21, 0, 32, 10, 106, 240, 5, 0, 463, 9, 11, 2, 13, 366, 8, 26, 541, 529, 211, 559, 332, 3, 9, 1, 646, 461, 0, 6, 17, 5, 12, 532, 42, 368, 37, 9, 19, 10, 2, 64, 188, 6, 5, 87, 558, 517, 7, 406, 11, 2, 5, 4, 3, 2, 179, 8, 616, 3, 4, 7, 0, 3, 16, 2, 594, 49, 4, 7], "avg_rank_wloss": 12.90674157303371}