{"avg_rank": 90.55408163265307, "ranks": [997, 970, 995, 485, 996, 963, 970, 395, 446, 828, 989, 969, 993, 972, 969, 993, 992, 970, 864, 566, 970, 635, 5, 993, 989, 987, 217, 996, 996, 988, 993, 995, 989, 938, 985, 983, 988, 991, 995, 992, 952, 985, 387, 948, 989, 992, 983, 993, 996, 993, 995, 989, 990, 972, 998, 910, 994, 875, 994, 988, 966, 994, 991, 323, 985, 990, 990, 993, 789, 672, 990, 983, 962, 986, 997, 979, 986, 988, 994, 993, 984, 982, 989, 396, 410, 966, 990, 986, 986, 989, 992, 989, 985, 768, 989, 989, 938, 994], "ranks_wloss": [997, 949, 995, 501, 996, 983, 978, 132, 418, 963, 988, 979, 989, 929, 991, 992, 996, 980, 895, 642, 952, 596, 37, 993, 994, 998, 207, 994, 996, 998, 993, 989, 998, 780, 987, 992, 993, 998, 995, 993, 984, 999, 434, 906, 994, 991, 980, 997, 983, 982, 996, 993, 998, 966, 998, 925, 989, 950, 992, 988, 939, 996, 999, 122, 998, 996, 992, 994, 980, 597, 988, 962, 967, 995, 998, 959, 997, 998, 998, 995, 988, 983, 992, 316, 472, 963, 990, 993, 995, 989, 998, 993, 997, 998, 987, 998, 934, 998], "avg_rank_wloss": 90.6887755102041}