{"avg_rank": 12.891011235955057, "ranks": [464, 13, 4, 244, 14, 5, 8, 2, 5, 314, 549, 22, 110, 3, 7, 5, 1, 4, 4, 5, 539, 7, 3, 6, 13, 141, 358, 2, 4, 497, 2, 7, 9, 9, 300, 4, 19, 580, 648, 115, 527, 227, 3, 5, 3, 593, 493, 2, 8, 22, 76, 12, 466, 24, 376, 20, 3, 15, 15, 4, 19, 296, 8, 2, 110, 532, 540, 2, 473, 7, 6, 8, 5, 1, 5, 136, 4, 627, 2, 2, 101, 5, 2, 0, 2, 608, 20, 4, 6], "ranks_wloss": [492, 15, 3, 251, 34, 5, 11, 2, 4, 383, 480, 15, 113, 4, 10, 6, 3, 6, 8, 6, 619, 20, 0, 26, 13, 97, 223, 2, 0, 448, 4, 12, 8, 12, 398, 5, 25, 545, 526, 198, 583, 307, 4, 9, 0, 645, 495, 0, 6, 18, 5, 16, 502, 61, 333, 40, 5, 22, 6, 6, 63, 177, 12, 3, 96, 540, 491, 3, 457, 13, 9, 9, 12, 1, 5, 160, 5, 545, 4, 3, 8, 1, 2, 17, 2, 579, 36, 4, 8], "avg_rank_wloss": 12.764044943820224}